interface,avg_time,avg_errors,avg_satisfaction,n
CLI,22.02,0.75,2.25,4
GUI,14.696666666666667,0.3333333333333333,4.0,3
